team,venue,matches,wins
England,"Trent Bridge, Nottingham",4,2
Sri Lanka,"Trent Bridge, Nottingham",1,0
England,"Lord's, London",9,7
India,"Lord's, London",3,1
New Zealand,"McLean Park, Napier",4,3
India,"McLean Park, Napier",1,0
India,"Jade Stadium, Christchurch",1,0
New Zealand,"Jade Stadium, Christchurch",1,1
India,"Davies Park, Queenstown",1,0
New Zealand,"Davies Park, Queenstown",1,1
New Zealand,"Westpac Stadium, Wellington",1,0
India,"Westpac Stadium, Wellington",1,1
Sri Lanka,Sydney Cricket Ground,9,5
Australia,Sydney Cricket Ground,41,30
Australia,"Bellerive Oval, Hobart",1,1
England,"Bellerive Oval, Hobart",1,0
England,Sydney Cricket Ground,10,3
India,"Westpac Park, Hamilton",1,0
New Zealand,"Westpac Park, Hamilton",1,1
Sri Lanka,"Brisbane Cricket Ground, Woolloongabba, Brisbane",1,0
Australia,"Brisbane Cricket Ground, Woolloongabba, Brisbane",1,1
England,Adelaide Oval,9,2
Sri Lanka,Adelaide Oval,8,3
Australia,Adelaide Oval,25,17
Sri Lanka,Melbourne Cricket Ground,7,4
Australia,Melbourne Cricket Ground,34,24
England,Melbourne Cricket Ground,8,2
West Indies,"Newlands, Cape Town",2,1
South Africa,"Newlands, Cape Town",3,1
Zimbabwe,Harare Sports Club,94,32
Namibia,Harare Sports Club,1,0
Sri Lanka,"Goodyear Park, Bloemfontein",1,1
New Zealand,"Goodyear Park, Bloemfontein",2,1
Canada,"Kingsmead, Durban",1,1
Bangladesh,"Kingsmead, Durban",1,0
Australia,"New Wanderers Stadium, Johannesburg",2,2
Pakistan,"New Wanderers Stadium, Johannesburg",1,0
India,"Boland Bank Park, Paarl",1,1
Netherlands,"Boland Bank Park, Paarl",2,0
Kenya,"North West Cricket Stadium, Potchefstroom",1,0
South Africa,"North West Cricket Stadium, Potchefstroom",1,1
New Zealand,"St George's Park, Port Elizabeth",2,1
West Indies,"St George's Park, Port Elizabeth",1,0
India,"SuperSport Park, Centurion",3,2
Australia,"SuperSport Park, Centurion",3,2
Canada,"Newlands, Cape Town",1,0
Kenya,"Newlands, Cape Town",2,1
Netherlands,"Buffalo Park, East London",1,0
England,"Buffalo Park, East London",1,1
Pakistan,"De Beers Diamond Oval, Kimberley",1,1
Namibia,"De Beers Diamond Oval, Kimberley",1,0
South Africa,"New Wanderers Stadium, Johannesburg",1,0
New Zealand,"New Wanderers Stadium, Johannesburg",1,1
India,Harare Sports Club,18,15
Canada,"Boland Bank Park, Paarl",1,0
Sri Lanka,"Boland Bank Park, Paarl",1,1
England,"St George's Park, Port Elizabeth",2,1
Namibia,"St George's Park, Port Elizabeth",1,0
England,"Newlands, Cape Town",1,1
Pakistan,"Newlands, Cape Town",2,1
Bangladesh,"Goodyear Park, Bloemfontein",1,0
South Africa,"Goodyear Park, Bloemfontein",1,1
Canada,"SuperSport Park, Centurion",1,0
West Indies,"SuperSport Park, Centurion",1,1
India,"City Oval, Pietermaritzburg",1,1
Namibia,"City Oval, Pietermaritzburg",1,0
Zimbabwe,"Queens Sports Club, Bulawayo",9,4
Australia,"Queens Sports Club, Bulawayo",1,1
Kenya,"Gymkhana Club Ground, Nairobi",1,1
Sri Lanka,"Gymkhana Club Ground, Nairobi",1,0
Pakistan,"Boland Bank Park, Paarl",1,1
India,"Kingsmead, Durban",2,2
England,"Kingsmead, Durban",1,0
Bangladesh,"De Beers Diamond Oval, Kimberley",1,0
New Zealand,"De Beers Diamond Oval, Kimberley",1,1
Australia,"North West Cricket Stadium, Potchefstroom",1,1
Namibia,"North West Cricket Stadium, Potchefstroom",1,0
South Africa,"Buffalo Park, East London",2,1
Canada,"Buffalo Park, East London",1,0
Netherlands,"Queens Sports Club, Bulawayo",3,1
Sri Lanka,"Newlands, Cape Town",1,1
Kenya,"New Wanderers Stadium, Johannesburg",1,1
Bangladesh,"New Wanderers Stadium, Johannesburg",1,0
Pakistan,"SuperSport Park, Centurion",3,2
Australia,"St George's Park, Port Elizabeth",3,3
Canada,"Willowmoore Park, Benoni",1,0
New Zealand,"Willowmoore Park, Benoni",1,1
Netherlands,"Goodyear Park, Bloemfontein",1,1
Namibia,"Goodyear Park, Bloemfontein",1,0
Sri Lanka,"SuperSport Park, Centurion",1,0
India,"Newlands, Cape Town",2,1
Zimbabwe,"Goodyear Park, Bloemfontein",2,0
India,"New Wanderers Stadium, Johannesburg",2,1
Sri Lanka,"New Wanderers Stadium, Johannesburg",1,0
Kenya,"Goodyear Park, Bloemfontein",1,1
New Zealand,"SuperSport Park, Centurion",1,0
Sri Lanka,"Buffalo Park, East London",1,1
Zimbabwe,"Buffalo Park, East London",1,0
Kenya,"Kingsmead, Durban",2,0
Australia,"Kingsmead, Durban",1,1
Sri Lanka,"St George's Park, Port Elizabeth",1,0
Pakistan,Sharjah Cricket Association Stadium,4,4
Zimbabwe,Sharjah Cricket Association Stadium,4,2
Sri Lanka,Sharjah Cricket Association Stadium,3,1
Kenya,Sharjah Cricket Association Stadium,3,0
Pakistan,Rangiri Dambulla International Stadium,11,3
Sri Lanka,Rangiri Dambulla International Stadium,34,18
New Zealand,Rangiri Dambulla International Stadium,8,4
Australia,"Sabina Park, Kingston, Jamaica",1,1
West Indies,"Sabina Park, Kingston, Jamaica",5,1
Australia,"Queen's Park (New), St George's, Grenada",2,0
West Indies,"Queen's Park (New), St George's, Grenada",2,2
Sri Lanka,"Kensington Oval, Bridgetown, Barbados",1,1
West Indies,"Kensington Oval, Bridgetown, Barbados",13,6
Sri Lanka,"Arnos Vale Ground, Kingstown, St Vincent",1,0
West Indies,"Arnos Vale Ground, Kingstown, St Vincent",1,1
England,"Old Trafford, Manchester",4,1
Pakistan,"Old Trafford, Manchester",1,1
Pakistan,"Kennington Oval, London",1,0
England,"Kennington Oval, London",6,5
Pakistan,"Lord's, London",2,0
Zimbabwe,"Trent Bridge, Nottingham",1,1
South Africa,"Kennington Oval, London",1,0
South Africa,"St Lawrence Ground, Canterbury",1,1
Zimbabwe,"St Lawrence Ground, Canterbury",1,0
South Africa,"Old Trafford, Manchester",2,1
Zimbabwe,"The Royal & Sun Alliance County Ground, Bristol",1,0
England,"The Royal & Sun Alliance County Ground, Bristol",1,1
Zimbabwe,"The Rose Bowl, Southampton",1,0
South Africa,"The Rose Bowl, Southampton",2,1
South Africa,"Lord's, London",2,1
Bangladesh,"Bundaberg Rum Stadium, Cairns",2,0
Australia,"Bundaberg Rum Stadium, Cairns",2,2
Australia,"Marrara Cricket Ground, Darwin",1,1
Bangladesh,"Marrara Cricket Ground, Darwin",1,0
Pakistan,Multan Cricket Stadium,11,8
Bangladesh,Multan Cricket Stadium,2,0
Bangladesh,Rawalpindi Cricket Stadium,2,0
Pakistan,Rawalpindi Cricket Stadium,15,11
Pakistan,"National Stadium, Karachi",10,5
Bangladesh,"National Stadium, Karachi",1,0
Pakistan,"Gaddafi Stadium, Lahore",11,8
South Africa,"Gaddafi Stadium, Lahore",4,0
Pakistan,"Iqbal Stadium, Faisalabad",4,2
South Africa,"Iqbal Stadium, Faisalabad",4,2
South Africa,Rawalpindi Cricket Stadium,2,2
India,"Captain Roop Singh Stadium, Gwalior",1,1
Australia,"Captain Roop Singh Stadium, Gwalior",1,0
New Zealand,"Nahar Singh Stadium, Faridabad",1,0
Australia,"Nahar Singh Stadium, Faridabad",1,1
Australia,"Wankhede Stadium, Mumbai",2,1
India,"Wankhede Stadium, Mumbai",4,3
New Zealand,"Nehru Stadium, Poona",1,0
Australia,"Nehru Stadium, Poona",1,1
India,"Barabati Stadium, Cuttack",2,1
New Zealand,"Barabati Stadium, Cuttack",1,1
Bangladesh,"MA Aziz Stadium, Chittagong",1,0
England,"MA Aziz Stadium, Chittagong",1,1
Bangladesh,"Bangabandhu National Stadium, Dhaka",2,0
England,"Bangabandhu National Stadium, Dhaka",2,2
India,"Lal Bahadur Shastri Stadium, Hyderabad, Deccan",1,1
New Zealand,"Lal Bahadur Shastri Stadium, Hyderabad, Deccan",1,0
England,Rangiri Dambulla International Stadium,4,2
West Indies,"Queens Sports Club, Bulawayo",1,0
West Indies,Harare Sports Club,14,9
New Zealand,"Gaddafi Stadium, Lahore",5,3
New Zealand,Rawalpindi Cricket Stadium,4,1
Pakistan,Eden Park,4,1
New Zealand,Eden Park,22,11
India,Melbourne Cricket Ground,9,4
Zimbabwe,Sydney Cricket Ground,1,0
Zimbabwe,Bellerive Oval,3,0
India,Bellerive Oval,3,3
Australia,Bellerive Oval,10,8
India,Brisbane Cricket Ground,2,2
Australia,Brisbane Cricket Ground,1,0
Zimbabwe,Brisbane Cricket Ground,1,0
India,Sydney Cricket Ground,11,3
South Africa,Newlands,19,16
West Indies,Newlands,2,0
India,W.A.C.A. Ground,1,0
Australia,W.A.C.A. Ground,2,1
South Africa,SuperSport Park,26,18
West Indies,SuperSport Park,3,1
Australia,Rangiri Dambulla International Stadium,4,3
South Africa,Carisbrook,1,0
New Zealand,Carisbrook,1,1
Australia,R.Premadasa Stadium,1,1
Sri Lanka,R.Premadasa Stadium,5,3
Bangladesh,Harare Sports Club,14,6
India,Rawalpindi Cricket Stadium,2,1
India,Arbab Niaz Stadium,2,0
Pakistan,Arbab Niaz Stadium,3,3
Pakistan,Gaddafi Stadium,14,6
India,Gaddafi Stadium,3,3
Zimbabwe,Queens Sports Club,31,7
Sri Lanka,Queens Sports Club,5,4
Sri Lanka,Harare Sports Club,14,12
England,Daren Sammy National Cricket Stadium,1,0
West Indies,Daren Sammy National Cricket Stadium,1,1
Bangladesh,Arnos Vale Ground,2,0
West Indies,Arnos Vale Ground,2,2
Bangladesh,National Cricket Stadium,1,0
West Indies,National Cricket Stadium,1,1
Australia,Harare Sports Club,8,5
England,Trent Bridge,18,10
West Indies,Trent Bridge,4,3
England,Riverside Ground,11,7
New Zealand,Riverside Ground,4,1
West Indies,Headingley,1,0
England,Headingley,14,10
England,Lord's,23,8
West Indies,Lord's,3,1
New Zealand,Lord's,4,3
Pakistan,Sinhalese Sports Club,1,1
Bangladesh,Sinhalese Sports Club,1,0
Pakistan,R.Premadasa Stadium,1,0
Bangladesh,R.Premadasa Stadium,1,0
India,R.Premadasa Stadium,2,1
Pakistan,VRA Cricket Ground,1,1
India,VRA Cricket Ground,1,0
South Africa,Rangiri Dambulla International Stadium,3,2
Sri Lanka,Sinhalese Sports Club,1,1
South Africa,Sinhalese Sports Club,1,0
India,Trent Bridge,3,2
England,Kennington Oval,25,15
India,Kennington Oval,8,4
Australia,Lord's,8,7
Pakistan,Lord's,6,4
India,Lord's,3,1
New Zealand,Kennington Oval,5,4
United States of America,Kennington Oval,1,0
England,Edgbaston,16,12
Zimbabwe,Edgbaston,1,0
India,The Rose Bowl,4,2
Kenya,The Rose Bowl,1,0
United States of America,The Rose Bowl,1,0
Australia,The Rose Bowl,5,4
Kenya,Edgbaston,1,0
Pakistan,Edgbaston,8,4
Zimbabwe,Kennington Oval,1,0
Sri Lanka,Kennington Oval,10,5
West Indies,The Rose Bowl,5,2
Bangladesh,The Rose Bowl,1,0
Australia,Kennington Oval,9,5
England,The Rose Bowl,21,13
Sri Lanka,The Rose Bowl,1,0
South Africa,Kennington Oval,8,1
West Indies,Kennington Oval,6,3
India,Edgbaston,9,6
Australia,Edgbaston,4,0
Pakistan,The Rose Bowl,5,1
Zimbabwe,Multan Cricket Stadium,2,0
Zimbabwe,Arbab Niaz Stadium,1,0
Sri Lanka,National Stadium,9,4
Pakistan,National Stadium,15,11
Zimbabwe,Rawalpindi Cricket Stadium,3,0
Sri Lanka,Rawalpindi Cricket Stadium,4,1
Sri Lanka,Gaddafi Stadium,4,4
New Zealand,MA Aziz Stadium,1,1
Bangladesh,MA Aziz Stadium,3,0
England,Harare Sports Club,2,2
Australia,Docklands Stadium,5,4
New Zealand,Docklands Stadium,1,1
England,Queens Sports Club,1,1
New Zealand,Sydney Cricket Ground,5,0
India,MA Aziz Stadium,1,1
India,Bangabandhu National Stadium,1,1
Bangladesh,Bangabandhu National Stadium,2,1
West Indies,"Brisbane Cricket Ground, Woolloongabba",2,0
Pakistan,"Brisbane Cricket Ground, Woolloongabba",4,2
Pakistan,Sydney Cricket Ground,3,0
Zimbabwe,MA Aziz Stadium,1,1
West Indies,Adelaide Oval,2,0
Pakistan,W.A.C.A. Ground,2,2
South Africa,The Wanderers Stadium,7,4
England,The Wanderers Stadium,2,2
Zimbabwe,Bangabandhu National Stadium,1,0
West Indies,W.A.C.A. Ground,1,0
Pakistan,Melbourne Cricket Ground,3,1
England,St George's Park,3,2
South Africa,St George's Park,19,11
England,Newlands,4,0
South Africa,Buffalo Park,5,5
England,Buffalo Park,1,0
England,SuperSport Park,5,2
Zimbabwe,The Wanderers Stadium,1,0
Australia,Eden Park,8,4
South Africa,Kingsmead,18,12
Zimbabwe,Kingsmead,1,0
New Zealand,Basin Reserve,5,4
Australia,Basin Reserve,1,1
Zimbabwe,St George's Park,1,0
India,Dr. Y.S. Rajasekhara Reddy ACA-VDCA Cricket Stadium,7,6
Pakistan,Dr. Y.S. Rajasekhara Reddy ACA-VDCA Cricket Stadium,1,0
India,"Sardar Patel (Gujarat) Stadium, Motera",2,0
Pakistan,"Sardar Patel (Gujarat) Stadium, Motera",1,1
India,Green Park,6,4
Pakistan,Green Park,2,1
Pakistan,Arun Jaitley Stadium,1,1
India,Arun Jaitley Stadium,2,0
West Indies,"Sabina Park, Kingston",14,11
South Africa,"Sabina Park, Kingston",1,1
West Indies,"Queen's Park Oval, Port of Spain",12,5
South Africa,"Queen's Park Oval, Port of Spain",2,2
Pakistan,"Arnos Vale Ground, Kingstown",1,1
West Indies,"Arnos Vale Ground, Kingstown",7,4
Pakistan,"Daren Sammy National Cricket Stadium, Gros Islet",1,1
West Indies,"Daren Sammy National Cricket Stadium, Gros Islet",1,0
Bangladesh,Kennington Oval,4,1
Australia,Sophia Gardens,4,0
Bangladesh,Sophia Gardens,3,2
Australia,Riverside Ground,4,1
Bangladesh,Old Trafford,1,0
Australia,Old Trafford,11,5
Bangladesh,Headingley,1,0
Bangladesh,St Lawrence Ground,1,0
Australia,St Lawrence Ground,1,1
West Indies,Rangiri Dambulla International Stadium,2,0
India,Rangiri Dambulla International Stadium,14,9
West Indies,"R.Premadasa Stadium, Khettarama",1,1
Sri Lanka,"R.Premadasa Stadium, Khettarama",8,5
Africa XI,SuperSport Park,1,1
Asia XI,SuperSport Park,1,0
New Zealand,Harare Sports Club,7,6
Sri Lanka,Sinhalese Sports Club Ground,6,5
Bangladesh,Sinhalese Sports Club Ground,2,0
ICC World XI,Docklands Stadium,2,0
India,Vidarbha C.A. Ground,1,1
Sri Lanka,Vidarbha C.A. Ground,1,0
New Zealand,Newlands,2,0
Sri Lanka,"Punjab Cricket Association IS Bindra Stadium, Mohali",2,0
India,"Punjab Cricket Association IS Bindra Stadium, Mohali",3,2
New Zealand,St George's Park,2,1
Sri Lanka,Nehru Stadium,1,0
India,Nehru Stadium,8,5
Sri Lanka,"Sardar Patel (Gujarat) Stadium, Motera",1,1
New Zealand,SuperSport Park,4,0
Sri Lanka,Madhavrao Scindia Cricket Ground,3,1
India,Madhavrao Scindia Cricket Ground,4,3
Sri Lanka,Reliance Stadium,1,0
India,Reliance Stadium,4,2
India,"Rajiv Gandhi International Stadium, Uppal",6,3
South Africa,"Rajiv Gandhi International Stadium, Uppal",1,1
South Africa,Wankhede Stadium,2,1
India,Wankhede Stadium,7,4
England,Gaddafi Stadium,1,1
England,National Stadium,1,0
England,Rawalpindi Cricket Stadium,1,1
Sri Lanka,John Davies Oval,1,0
New Zealand,John Davies Oval,1,1
New Zealand,Jade Stadium,3,3
Sri Lanka,Jade Stadium,2,0
New Zealand,Westpac Stadium,17,11
Sri Lanka,Westpac Stadium,3,2
Australia,"Brisbane Cricket Ground, Woolloongabba",15,11
South Africa,"Brisbane Cricket Ground, Woolloongabba",2,1
Sri Lanka,"Brisbane Cricket Ground, Woolloongabba",6,3
South Africa,Docklands Stadium,2,0
South Africa,Adelaide Oval,3,2
Australia,Western Australia Cricket Association Ground,17,13
Sri Lanka,Western Australia Cricket Association Ground,5,0
South Africa,Western Australia Cricket Association Ground,4,3
South Africa,Sydney Cricket Ground,5,3
South Africa,Bellerive Oval,3,1
Sri Lanka,Bellerive Oval,6,3
India,Multan Cricket Stadium,1,1
West Indies,Westpac Stadium,3,0
India,National Stadium,7,5
Bangladesh,Shaheed Chandu Stadium,4,3
Sri Lanka,Shaheed Chandu Stadium,2,1
New Zealand,Queenstown Events Centre,3,3
West Indies,Queenstown Events Centre,2,0
Bangladesh,Chittagong Divisional Stadium,3,0
Sri Lanka,Chittagong Divisional Stadium,1,1
West Indies,Jade Stadium,1,0
Australia,SuperSport Park,7,4
New Zealand,McLean Park,14,8
West Indies,McLean Park,2,1
Australia,Newlands,3,0
West Indies,Eden Park,2,2
Australia,St George's Park,4,1
Australia,Kingsmead,4,3
South Africa,New Wanderers Stadium,12,9
Australia,New Wanderers Stadium,4,2
Sri Lanka,R Premadasa Stadium,41,23
Pakistan,R Premadasa Stadium,10,8
Pakistan,Sinhalese Sports Club Ground,1,1
India,Feroz Shah Kotla,7,6
England,Feroz Shah Kotla,2,0
India,Nahar Singh Stadium,1,1
England,Nahar Singh Stadium,1,0
India,"Nehru Stadium, Fatorda",2,2
England,"Nehru Stadium, Fatorda",1,0
India,Keenan Stadium,1,0
England,Keenan Stadium,1,1
India,Maharani Usharaje Trust Cricket Ground,2,2
England,Maharani Usharaje Trust Cricket Ground,2,0
India,Sheikh Zayed Stadium,2,1
Pakistan,Sheikh Zayed Stadium,32,14
Australia,Chittagong Divisional Stadium,1,1
Bangladesh,Narayanganj Osmani Stadium,2,0
Australia,Narayanganj Osmani Stadium,2,2
West Indies,"Antigua Recreation Ground, St John's",2,2
Zimbabwe,"Antigua Recreation Ground, St John's",2,0
West Indies,"Beausejour Stadium, Gros Islet",9,2
Zimbabwe,"Beausejour Stadium, Gros Islet",1,0
Zimbabwe,"Queen's Park Oval, Port of Spain",1,0
India,"Sabina Park, Kingston",7,2
West Indies,"Warner Park, Basseterre",11,5
India,"Warner Park, Basseterre",1,0
India,"Queen's Park Oval, Port of Spain",11,7
Ireland,"Civil Service Cricket Club, Stormont",9,3
England,"Civil Service Cricket Club, Stormont",2,2
Sri Lanka,Lord's,3,3
Sri Lanka,Riverside Ground,4,3
England,Old Trafford,14,9
Sri Lanka,Old Trafford,3,1
Sri Lanka,Headingley,4,3
Kenya,Gymkhana Club Ground,10,5
Bangladesh,Gymkhana Club Ground,3,3
Pakistan,Trent Bridge,5,1
India,Kinrara Academy Oval,3,1
West Indies,Kinrara Academy Oval,4,2
South Africa,Goodyear Park,1,1
Zimbabwe,Goodyear Park,1,0
Zimbabwe,Buffalo Park,1,0
Australia,Kinrara Academy Oval,3,2
South Africa,Sedgars Park,1,1
Zimbabwe,Sedgars Park,1,0
Bangladesh,"Punjab Cricket Association Stadium, Mohali",1,0
Sri Lanka,"Punjab Cricket Association Stadium, Mohali",1,1
West Indies,"Sardar Patel Stadium, Motera",4,3
Zimbabwe,"Sardar Patel Stadium, Motera",4,0
Sri Lanka,"Sardar Patel Stadium, Motera",3,1
Bangladesh,Sawai Mansingh Stadium,2,1
West Indies,Sawai Mansingh Stadium,2,2
Zimbabwe,Sawai Mansingh Stadium,1,0
Sri Lanka,Brabourne Stadium,2,2
West Indies,Brabourne Stadium,4,1
India,Sawai Mansingh Stadium,5,4
England,Sawai Mansingh Stadium,2,0
New Zealand,Brabourne Stadium,2,1
South Africa,Brabourne Stadium,1,0
Pakistan,Sawai Mansingh Stadium,2,2
Sri Lanka,Sawai Mansingh Stadium,1,0
Australia,Brabourne Stadium,2,1
Australia,Sawai Mansingh Stadium,2,1
South Africa,"Sardar Patel Stadium, Motera",2,2
New Zealand,"Punjab Cricket Association Stadium, Mohali",3,1
Pakistan,"Punjab Cricket Association Stadium, Mohali",4,1
India,"Sardar Patel Stadium, Motera",5,2
South Africa,"Punjab Cricket Association Stadium, Mohali",2,2
England,"Sardar Patel Stadium, Motera",1,1
India,"Punjab Cricket Association Stadium, Mohali",8,4
Australia,"Punjab Cricket Association Stadium, Mohali",4,4
South Africa,Sawai Mansingh Stadium,2,0
India,Kingsmead,4,1
India,Newlands,3,2
Bermuda,Sedgars Park,1,0
Canada,Sedgars Park,1,1
India,St George's Park,3,1
Bermuda,Willowmoore Park,2,1
Canada,Willowmoore Park,3,2
Netherlands,Willowmoore Park,2,1
Zimbabwe,Shaheed Chandu Stadium,2,0
India,SuperSport Park,5,2
Pakistan,Iqbal Stadium,4,4
West Indies,Iqbal Stadium,1,0
Bangladesh,Shere Bangla National Stadium,72,33
Zimbabwe,Shere Bangla National Stadium,16,3
West Indies,Gaddafi Stadium,1,0
West Indies,Multan Cricket Stadium,4,1
West Indies,National Stadium,1,0
Sri Lanka,McLean Park,1,1
Sri Lanka,Eden Park,1,1
New Zealand,Bellerive Oval,3,0
England,Bellerive Oval,3,1
England,"Brisbane Cricket Ground, Woolloongabba",6,3
New Zealand,Adelaide Oval,3,1
India,"MA Chidambaram Stadium, Chepauk",8,5
West Indies,"MA Chidambaram Stadium, Chepauk",5,2
New Zealand,Western Australia Cricket Association Ground,3,2
England,Western Australia Cricket Association Ground,5,2
India,Indian Petrochemicals Corporation Limited Sports Complex Ground,1,1
West Indies,Indian Petrochemicals Corporation Limited Sports Complex Ground,1,0
Bermuda,Gymkhana Club Ground,4,0
Canada,Gymkhana Club Ground,3,1
Bermuda,Ruaraka Sports Club Ground,1,0
Netherlands,Ruaraka Sports Club Ground,1,1
Pakistan,SuperSport Park,6,2
Scotland,Gymkhana Club Ground,1,1
New Zealand,Melbourne Cricket Ground,4,1
Kenya,Jaffery Sports Club Ground,1,1
Canada,Jaffery Sports Club Ground,1,0
New Zealand,"Brisbane Cricket Ground, Woolloongabba",1,0
Pakistan,Kingsmead,3,2
Pakistan,Newlands,3,1
Sri Lanka,"Nehru Stadium, Fatorda",1,0
Pakistan,New Wanderers Stadium,4,1
Australia,Westpac Stadium,3,1
India,Andhra Cricket Association-Visakhapatnam District Cricket Association Stadium,1,1
Sri Lanka,Andhra Cricket Association-Visakhapatnam District Cricket Association Stadium,1,0
New Zealand,Seddon Park,19,13
Australia,Seddon Park,4,1
Pakistan,"Sabina Park, Kingston",3,1
Australia,"Warner Park, Basseterre",7,6
Scotland,"Warner Park, Basseterre",3,0
Bermuda,"Queen's Park Oval, Port of Spain",3,0
Sri Lanka,"Queen's Park Oval, Port of Spain",8,4
England,"Beausejour Stadium, Gros Islet",4,3
New Zealand,"Beausejour Stadium, Gros Islet",3,3
Netherlands,"Warner Park, Basseterre",3,1
South Africa,"Warner Park, Basseterre",5,3
Ireland,"Sabina Park, Kingston",3,1
Bangladesh,"Queen's Park Oval, Port of Spain",3,2
Canada,"Beausejour Stadium, Gros Islet",2,0
Zimbabwe,"Sabina Park, Kingston",2,0
Kenya,"Beausejour Stadium, Gros Islet",2,0
West Indies,"Sir Vivian Richards Stadium, North Sound",13,3
Australia,"Sir Vivian Richards Stadium, North Sound",3,3
South Africa,Providence Stadium,5,3
Sri Lanka,Providence Stadium,2,1
New Zealand,"Sir Vivian Richards Stadium, North Sound",2,2
England,Providence Stadium,3,2
Ireland,Providence Stadium,3,0
Bangladesh,"Sir Vivian Richards Stadium, North Sound",2,0
West Indies,Providence Stadium,15,7
England,"Sir Vivian Richards Stadium, North Sound",7,4
Sri Lanka,"Sir Vivian Richards Stadium, North Sound",1,1
Bangladesh,Providence Stadium,3,2
New Zealand,Providence Stadium,1,1
West Indies,"National Cricket Stadium, St George's",7,4
South Africa,"National Cricket Stadium, St George's",2,1
Bangladesh,"Kensington Oval, Bridgetown",3,0
England,"Kensington Oval, Bridgetown",6,4
New Zealand,"National Cricket Stadium, St George's",3,1
Sri Lanka,"National Cricket Stadium, St George's",3,2
Australia,"Kensington Oval, Bridgetown",4,4
Ireland,"Kensington Oval, Bridgetown",2,1
Australia,"National Cricket Stadium, St George's",4,4
South Africa,"Kensington Oval, Bridgetown",2,1
Ireland,"National Cricket Stadium, St George's",1,0
West Indies,"Kensington Oval, Bridgetown",10,4
New Zealand,"Sabina Park, Kingston",3,0
Sri Lanka,"Sabina Park, Kingston",3,2
Australia,"Beausejour Stadium, Gros Islet",3,2
South Africa,"Beausejour Stadium, Gros Islet",1,0
Sri Lanka,"Kensington Oval, Bridgetown",1,0
India,Shere Bangla National Stadium,20,13
Africa XI,M Chinnaswamy Stadium,1,0
Asia XI,M Chinnaswamy Stadium,1,1
Africa XI,"MA Chidambaram Stadium, Chepauk",2,0
Asia XI,"MA Chidambaram Stadium, Chepauk",2,2
India,"Civil Service Cricket Club, Stormont",4,3
South Africa,"Civil Service Cricket Club, Stormont",4,2
West Indies,Edgbaston,2,1
Sri Lanka,P Saravanamuttu Stadium,1,1
Bangladesh,P Saravanamuttu Stadium,1,0
Bangladesh,R Premadasa Stadium,2,0
Scotland,Titwood,1,0
India,Titwood,1,1
South Africa,Queens Sports Club,4,4
England,County Ground,7,4
India,County Ground,1,1
South Africa,Harare Sports Club,7,6
India,Old Trafford,4,2
India,Headingley,4,2
Australia,Nehru Stadium,2,2
Australia,"Rajiv Gandhi International Stadium, Uppal",3,2
India,Sector 16 Stadium,1,1
Australia,Sector 16 Stadium,1,0
England,R Premadasa Stadium,7,1
Australia,Reliance Stadium,2,2
India,Vidarbha Cricket Association Ground,1,0
Australia,Vidarbha Cricket Association Ground,1,1
Australia,Wankhede Stadium,2,1
South Africa,Gaddafi Stadium,3,2
South Africa,Iqbal Stadium,1,0
South Africa,Multan Cricket Stadium,1,1
Pakistan,Nehru Stadium,1,0
India,Captain Roop Singh Stadium,2,2
Pakistan,Captain Roop Singh Stadium,1,0
New Zealand,Kingsmead,2,0
West Indies,Queens Sports Club,3,1
Bangladesh,Eden Park,1,0
Bangladesh,McLean Park,3,0
Bangladesh,Queenstown Events Centre,1,0
Zimbabwe,National Stadium,1,0
Pakistan,"Niaz Stadium, Hyderabad",1,1
Zimbabwe,"Niaz Stadium, Hyderabad",1,0
West Indies,St George's Park,2,1
Zimbabwe,Iqbal Stadium,1,0
West Indies,Kingsmead,2,0
Pakistan,Sheikhupura Stadium,1,1
Zimbabwe,Sheikhupura Stadium,1,0
West Indies,New Wanderers Stadium,5,0
England,Westpac Stadium,4,1
England,Seddon Park,3,0
England,Eden Park,2,2
India,Adelaide Oval,6,4
New Zealand,AMI Stadium,4,2
England,AMI Stadium,1,0
India,"Brisbane Cricket Ground, Woolloongabba",5,1
South Africa,Chittagong Divisional Stadium,1,1
South Africa,Shere Bangla National Stadium,6,4
Bangladesh,Gaddafi Stadium,4,1
Bangladesh,Iqbal Stadium,1,0
Bangladesh,National Stadium,4,0
Pakistan,Shere Bangla National Stadium,16,10
New Zealand,County Ground,1,1
Hong Kong,National Stadium,2,0
Australia,"Arnos Vale Ground, Kingstown",3,2
United Arab Emirates,Gaddafi Stadium,2,0
Canada,Maple Leaf North-West Ground,3,1
Bermuda,Maple Leaf North-West Ground,1,1
Netherlands,Clontarf Cricket Club Ground,2,0
Scotland,Clontarf Cricket Club Ground,2,1
Ireland,Clontarf Cricket Club Ground,7,4
South Africa,Headingley,2,0
India,R Premadasa Stadium,12,9
South Africa,Trent Bridge,2,1
Australia,Marrara Cricket Ground,3,3
Bangladesh,Marrara Cricket Ground,3,0
South Africa,Lord's,4,1
Ireland,Gymkhana Club Ground,1,0
Zimbabwe,Gymkhana Club Ground,2,2
South Africa,OUTsurance Oval,2,2
Kenya,OUTsurance Oval,1,0
South Africa,Senwes Park,5,4
Bangladesh,Senwes Park,1,0
West Indies,Sheikh Zayed Stadium,3,0
England,Madhavrao Scindia Cricket Ground,1,0
England,Green Park,1,0
India,M Chinnaswamy Stadium,4,4
England,M Chinnaswamy Stadium,2,0
India,Barabati Stadium,6,6
England,Barabati Stadium,2,0
Sri Lanka,Shere Bangla National Stadium,14,9
South Africa,Melbourne Cricket Ground,3,1
India,McLean Park,3,2
India,AMI Stadium,1,1
India,Seddon Park,6,2
India,Eden Park,3,1
Ireland,Willowmoore Park,3,1
Scotland,Willowmoore Park,2,0
Australia,Dubai Sports City Cricket Stadium,2,1
Pakistan,Dubai Sports City Cricket Stadium,2,1
Australia,Sheikh Zayed Stadium,6,4
West Indies,County Ground,2,0
India,"Beausejour Stadium, Gros Islet",1,1
West Indies,"Windsor Park, Roseau",4,0
Bangladesh,"Windsor Park, Roseau",2,2
Bangladesh,"Warner Park, Basseterre",3,2
Bangladesh,Queens Sports Club,10,7
Kenya,Maple Leaf North-West Ground,1,0
New Zealand,R Premadasa Stadium,3,0
Australia,Trent Bridge,5,4
Sri Lanka,SuperSport Park,3,1
England,New Wanderers Stadium,3,1
Sri Lanka,New Wanderers Stadium,4,1
New Zealand,New Wanderers Stadium,3,3
India,New Wanderers Stadium,3,2
India,"Vidarbha Cricket Association Stadium, Jamtha",6,4
Australia,"Vidarbha Cricket Association Stadium, Jamtha",5,1
Australia,Feroz Shah Kotla,1,0
Bangladesh,Zohur Ahmed Chowdhury Stadium,3,2
Zimbabwe,Zohur Ahmed Chowdhury Stadium,2,0
New Zealand,Sheikh Zayed Stadium,7,5
South Africa,Willowmoore Park,4,4
Zimbabwe,Willowmoore Park,2,0
Zimbabwe,SuperSport Park,1,0
Sri Lanka,"Vidarbha Cricket Association Stadium, Jamtha",1,1
Sri Lanka,Barabati Stadium,2,0
India,Eden Gardens,6,4
Sri Lanka,Eden Gardens,2,0
Pakistan,Adelaide Oval,6,2
Pakistan,Western Australia Cricket Association Ground,3,0
West Indies,Melbourne Cricket Ground,4,0
New Zealand,University Oval,9,9
Bangladesh,University Oval,3,0
Bangladesh,AMI Stadium,1,0
South Africa,Captain Roop Singh Stadium,1,0
England,Shere Bangla National Stadium,4,3
Australia,McLean Park,1,0
Zimbabwe,Providence Stadium,2,1
England,Zohur Ahmed Chowdhury Stadium,1,1
Zimbabwe,"Arnos Vale Ground, Kingstown",3,0
South Africa,"Sir Vivian Richards Stadium, North Sound",2,2
India,Queens Sports Club,4,3
South Africa,"Windsor Park, Roseau",2,2
Bangladesh,Rangiri Dambulla International Stadium,4,1
Australia,Clontarf Cricket Club Ground,1,1
England,Sophia Gardens,11,8
Canada,VRA Ground,1,0
Ireland,VRA Ground,2,2
Bangladesh,Trent Bridge,2,0
Bangladesh,County Ground,1,1
Bangladesh,Edgbaston,3,0
Bangladesh,"Civil Service Cricket Club, Stormont",1,1
Canada,"Toronto Cricket, Skating and Curling Club",1,1
Ireland,"Toronto Cricket, Skating and Curling Club",1,0
Pakistan,Riverside Ground,1,0
Pakistan,Headingley,3,0
Pakistan,Kennington Oval,3,2
New Zealand,Shere Bangla National Stadium,7,1
Zimbabwe,OUTsurance Oval,1,0
Zimbabwe,Senwes Park,1,0
Australia,Dr. Y.S. Rajasekhara Reddy ACA-VDCA Cricket Stadium,1,0
South Africa,Sheikh Zayed Stadium,4,3
Pakistan,Dubai International Cricket Stadium,20,7
South Africa,Dubai International Cricket Stadium,4,2
New Zealand,Nehru Stadium,1,0
New Zealand,Sawai Mansingh Stadium,1,0
New Zealand,Reliance Stadium,1,0
New Zealand,M Chinnaswamy Stadium,1,0
New Zealand,"MA Chidambaram Stadium, Chepauk",2,1
Bangladesh,Zahur Ahmed Chowdhury Stadium,12,10
Zimbabwe,Zahur Ahmed Chowdhury Stadium,5,0
Pakistan,Westpac Stadium,2,0
Pakistan,AMI Stadium,1,1
Pakistan,McLean Park,3,2
West Indies,Sinhalese Sports Club Ground,3,0
Pakistan,Seddon Park,2,1
Sri Lanka,"Mahinda Rajapaksa International Cricket Stadium, Sooriyawewa",17,9
Canada,"Mahinda Rajapaksa International Cricket Stadium, Sooriyawewa",1,0
Kenya,"MA Chidambaram Stadium, Chepauk",1,0
Australia,"Sardar Patel Stadium, Motera",2,1
England,"Vidarbha Cricket Association Stadium, Jamtha",1,1
Netherlands,"Vidarbha Cricket Association Stadium, Jamtha",1,0
Kenya,"Mahinda Rajapaksa International Cricket Stadium, Sooriyawewa",1,0
Pakistan,"Mahinda Rajapaksa International Cricket Stadium, Sooriyawewa",4,2
South Africa,Feroz Shah Kotla,1,1
West Indies,Feroz Shah Kotla,3,1
Ireland,Shere Bangla National Stadium,1,0
New Zealand,"Vidarbha Cricket Association Stadium, Jamtha",1,0
Netherlands,Feroz Shah Kotla,2,0
Canada,"Vidarbha Cricket Association Stadium, Jamtha",1,0
Zimbabwe,"Vidarbha Cricket Association Stadium, Jamtha",1,1
Kenya,R Premadasa Stadium,1,0
Ireland,M Chinnaswamy Stadium,2,1
Canada,R Premadasa Stadium,1,0
Netherlands,"Punjab Cricket Association Stadium, Mohali",1,0
New Zealand,"Sardar Patel Stadium, Motera",1,1
West Indies,Shere Bangla National Stadium,9,5
England,"MA Chidambaram Stadium, Chepauk",2,2
South Africa,"MA Chidambaram Stadium, Chepauk",2,0
Canada,Feroz Shah Kotla,1,1
Kenya,Feroz Shah Kotla,1,0
New Zealand,Pallekele International Cricket Stadium,4,1
Pakistan,Pallekele International Cricket Stadium,5,2
Sri Lanka,Pallekele International Cricket Stadium,34,19
Zimbabwe,Pallekele International Cricket Stadium,5,1
England,Zahur Ahmed Chowdhury Stadium,2,1
Ireland,"Punjab Cricket Association Stadium, Mohali",1,0
West Indies,"Punjab Cricket Association Stadium, Mohali",1,1
South Africa,"Vidarbha Cricket Association Stadium, Jamtha",1,1
Canada,Wankhede Stadium,1,0
New Zealand,Wankhede Stadium,3,2
Australia,M Chinnaswamy Stadium,3,2
Kenya,M Chinnaswamy Stadium,1,0
Netherlands,Zahur Ahmed Chowdhury Stadium,1,0
Ireland,Eden Gardens,2,1
South Africa,Eden Gardens,1,1
Canada,M Chinnaswamy Stadium,1,0
Sri Lanka,Wankhede Stadium,2,1
Netherlands,Eden Gardens,1,0
Australia,R Premadasa Stadium,5,2
Kenya,Eden Gardens,1,0
Zimbabwe,Eden Gardens,1,1
Australia,Shere Bangla National Stadium,3,3
Pakistan,"Beausejour Stadium, Gros Islet",4,4
Pakistan,"Kensington Oval, Bridgetown",2,1
Pakistan,Providence Stadium,6,3
India,"Sir Vivian Richards Stadium, North Sound",4,2
Scotland,Mannofield Park,6,4
Netherlands,Mannofield Park,1,0
Sri Lanka,Trent Bridge,1,0
Australia,Pallekele International Cricket Stadium,4,3
Australia,"Mahinda Rajapaksa International Cricket Stadium, Sooriyawewa",2,1
England,Clontarf Cricket Club Ground,1,1
Pakistan,Queens Sports Club,6,6
Pakistan,Harare Sports Club,8,6
India,Sophia Gardens,4,3
Canada,Clontarf Cricket Club Ground,2,0
England,"Rajiv Gandhi International Stadium, Uppal",1,0
West Indies,Zahur Ahmed Chowdhury Stadium,2,0
England,"Punjab Cricket Association Stadium, Mohali",2,0
England,Wankhede Stadium,1,0
England,Eden Gardens,2,1
New Zealand,Queens Sports Club,1,0
Sri Lanka,Dubai International Cricket Stadium,6,2
Pakistan,Sharjah Cricket Stadium,17,8
Sri Lanka,Sharjah Cricket Stadium,5,0
Sri Lanka,Sheikh Zayed Stadium,5,1
West Indies,Barabati Stadium,2,0
West Indies,Dr. Y.S. Rajasekhara Reddy ACA-VDCA Cricket Stadium,3,1
Pakistan,Zahur Ahmed Chowdhury Stadium,1,1
India,Holkar Cricket Stadium,3,3
West Indies,Holkar Cricket Stadium,1,0
South Africa,Boland Park,5,4
Sri Lanka,Boland Park,1,0
Sri Lanka,Buffalo Park,1,0
South Africa,Chevrolet Park,2,2
Sri Lanka,Chevrolet Park,1,0
South Africa,De Beers Diamond Oval,2,0
Sri Lanka,De Beers Diamond Oval,1,1
Zimbabwe,University Oval,1,0
New Zealand,Cobham Oval (New),2,2
Zimbabwe,Cobham Oval (New),1,0
India,Western Australia Cricket Association Ground,5,3
Zimbabwe,McLean Park,1,0
England,Sheikh Zayed Stadium,4,3
Kenya,Mombasa Sports Club Ground,2,1
Ireland,Mombasa Sports Club Ground,2,1
England,Dubai International Cricket Stadium,3,3
South Africa,Westpac Stadium,3,3
South Africa,McLean Park,1,1
South Africa,Eden Park,4,2
New Zealand,"Warner Park, Basseterre",3,1
India,"Mahinda Rajapaksa International Cricket Stadium, Sooriyawewa",2,1
India,Pallekele International Cricket Stadium,4,4
Australia,Sharjah Cricket Stadium,5,5
South Africa,The Rose Bowl,3,1
New Zealand,"Mahinda Rajapaksa International Cricket Stadium, Sooriyawewa",2,1
Bangladesh,Sheikh Abu Naser Stadium,2,2
West Indies,Sheikh Abu Naser Stadium,2,0
Pakistan,"MA Chidambaram Stadium, Chepauk",1,1
Pakistan,Eden Gardens,1,1
Pakistan,Feroz Shah Kotla,1,0
India,Saurashtra Cricket Association Stadium,3,1
England,Saurashtra Cricket Association Stadium,1,1
England,Nehru Stadium,1,0
New Zealand,Boland Park,1,1
India,JSCA International Stadium Complex,4,2
England,JSCA International Stadium Complex,1,0
New Zealand,De Beers Diamond Oval,1,1
New Zealand,Senwes Park,2,1
India,Himachal Pradesh Cricket Association Stadium,4,2
England,Himachal Pradesh Cricket Association Stadium,1,1
West Indies,Western Australia Cricket Association Ground,3,0
Australia,Manuka Oval,5,4
West Indies,Manuka Oval,2,1
West Indies,Sydney Cricket Ground,3,0
England,McLean Park,1,1
Zimbabwe,"National Cricket Stadium, St George's",2,0
Pakistan,Chevrolet Park,1,0
Canada,ICC Global Cricket Academy,1,0
Kenya,ICC Global Cricket Academy,1,1
Bangladesh,"Mahinda Rajapaksa International Cricket Stadium, Sooriyawewa",1,0
Pakistan,Willowmoore Park,1,0
Bangladesh,Pallekele International Cricket Stadium,3,1
Scotland,"Grange Cricket Club Ground, Raeburn Place",6,4
Pakistan,"Grange Cricket Club Ground, Raeburn Place",1,1
Pakistan,Clontarf Cricket Club Ground,1,1
New Zealand,The Rose Bowl,2,2
New Zealand,Trent Bridge,2,0
South Africa,Sophia Gardens,1,0
New Zealand,Sophia Gardens,5,2
Sri Lanka,Sophia Gardens,5,0
South Africa,Edgbaston,3,1
Netherlands,VRA Ground,1,0
South Africa,R Premadasa Stadium,4,1
South Africa,Pallekele International Cricket Stadium,5,2
Netherlands,Maple Leaf North-West Ground,1,1
Ireland,"The Village, Malahide",8,2
England,"The Village, Malahide",2,2
Scotland,"Civil Service Cricket Club, Stormont",1,0
India,Maharashtra Cricket Association Stadium,7,4
Australia,Maharashtra Cricket Association Stadium,1,1
South Africa,Sharjah Cricket Stadium,2,2
Bangladesh,Khan Shaheb Osman Ali Stadium,2,1
New Zealand,Khan Shaheb Osman Ali Stadium,1,0
West Indies,Nehru Stadium,2,1
Pakistan,St George's Park,2,2
West Indies,Green Park,1,0
New Zealand,Saxton Oval,7,6
West Indies,Saxton Oval,2,0
West Indies,Seddon Park,1,1
Netherlands,Bert Sutcliffe Oval,1,0
Kenya,Bert Sutcliffe Oval,1,1
Scotland,Hagley Oval,3,2
Canada,Hagley Oval,1,0
Canada,Bay Oval,1,0
Netherlands,Bay Oval,1,1
Kenya,Hagley Oval,1,0
India,Westpac Stadium,2,1
Pakistan,Khan Shaheb Osman Ali Stadium,1,0
Sri Lanka,Khan Shaheb Osman Ali Stadium,2,2
India,Khan Shaheb Osman Ali Stadium,2,1
Hong Kong,Kinrara Academy Oval,1,0
United Arab Emirates,Kinrara Academy Oval,2,2
Sri Lanka,"Clontarf Cricket Club Ground, Dublin",1,1
Ireland,"Clontarf Cricket Club Ground, Dublin",1,0
England,Mannofield Park,1,1
Sri Lanka,Edgbaston,2,1
South Africa,"Mahinda Rajapaksa International Cricket Stadium, Sooriyawewa",1,1
Bangladesh,"National Cricket Stadium, St George's",2,0
Scotland,"The Village, Malahide",3,1
Australia,Dubai International Cricket Stadium,4,3
West Indies,Himachal Pradesh Cricket Association Stadium,1,0
New Zealand,Bay Oval,9,4
South Africa,Bay Oval,2,2
Sri Lanka,"Rajiv Gandhi International Stadium, Uppal",1,0
Sri Lanka,JSCA International Stadium Complex,1,0
South Africa,Manuka Oval,2,1
England,"Mahinda Rajapaksa International Cricket Stadium, Sooriyawewa",1,1
New Zealand,Dubai International Cricket Stadium,3,0
England,Pallekele International Cricket Stadium,4,3
New Zealand,Sharjah Cricket Stadium,2,1
New Zealand,Hagley Oval,11,10
Sri Lanka,Hagley Oval,4,0
Ireland,Dubai International Cricket Stadium,1,1
Scotland,Dubai International Cricket Stadium,9,5
Sri Lanka,Seddon Park,1,1
Sri Lanka,Saxton Oval,3,1
West Indies,Buffalo Park,1,0
Sri Lanka,University Oval,2,0
South Africa,Seddon Park,3,2
Zimbabwe,Seddon Park,1,0
Ireland,Saxton Oval,1,1
Scotland,University Oval,1,0
United Arab Emirates,Saxton Oval,1,0
Zimbabwe,Saxton Oval,1,1
Pakistan,Hagley Oval,1,0
West Indies,Hagley Oval,3,1
England,Hagley Oval,2,2
Zimbabwe,Manuka Oval,1,0
Ireland,"Brisbane Cricket Ground, Woolloongabba",1,1
United Arab Emirates,"Brisbane Cricket Ground, Woolloongabba",1,0
Bangladesh,Melbourne Cricket Ground,2,0
United Arab Emirates,Western Australia Cricket Association Ground,1,0
Zimbabwe,"Brisbane Cricket Ground, Woolloongabba",1,0
Ireland,Manuka Oval,1,0
United Arab Emirates,McLean Park,2,0
Bangladesh,Saxton Oval,3,1
Scotland,Saxton Oval,1,0
Ireland,Bellerive Oval,1,1
Bangladesh,Adelaide Oval,1,1
Ireland,Seddon Park,1,0
Scotland,Bellerive Oval,2,0
United Arab Emirates,Westpac Stadium,1,0
Bangladesh,Seddon Park,1,0
Zimbabwe,Eden Park,1,0
Ireland,Adelaide Oval,1,0
Zimbabwe,Gaddafi Stadium,2,0
New Zealand,Edgbaston,3,1
South Africa,Zahur Ahmed Chowdhury Stadium,1,0
Australia,"Civil Service Cricket Club, Stormont",1,1
Australia,Headingley,1,0
Ireland,Harare Sports Club,14,7
South Africa,Green Park,1,1
South Africa,Holkar Cricket Stadium,1,0
South Africa,Saurashtra Cricket Association Stadium,1,1
West Indies,R Premadasa Stadium,2,0
West Indies,Pallekele International Cricket Stadium,5,1
United Arab Emirates,ICC Academy,10,3
Hong Kong,ICC Academy,2,2
England,Sharjah Cricket Stadium,1,1
Sri Lanka,Bay Oval,3,0
India,Manuka Oval,2,1
Pakistan,Basin Reserve,3,0
South Africa,Mangaung Oval,3,2
England,Mangaung Oval,1,1
Australia,Providence Stadium,2,1
Sri Lanka,"The Village, Malahide",1,1
United Arab Emirates,"Grange Cricket Club Ground, Raeburn Place",2,0
Pakistan,"The Village, Malahide",1,1
Pakistan,Sophia Gardens,3,3
Hong Kong,"Grange Cricket Club Ground, Raeburn Place",1,0
Australia,Willowmoore Park,1,1
West Indies,Sharjah Cricket Stadium,5,3
New Zealand,Himachal Pradesh Cricket Association Stadium,1,0
New Zealand,Feroz Shah Kotla,1,1
New Zealand,JSCA International Stadium Complex,1,1
New Zealand,Dr. Y.S. Rajasekhara Reddy ACA-VDCA Cricket Stadium,1,0
Hong Kong,"Mission Road Ground, Mong Kok",3,2
Papua New Guinea,"Mission Road Ground, Mong Kok",3,1
New Zealand,Manuka Oval,1,0
Bangladesh,Hagley Oval,3,0
England,Maharashtra Cricket Association Stadium,4,1
Hong Kong,Sheikh Zayed Stadium,1,1
Scotland,Sheikh Zayed Stadium,1,0
United Arab Emirates,Dubai International Cricket Stadium,16,6
Hong Kong,Dubai International Cricket Stadium,3,0
Sri Lanka,St George's Park,2,0
Sri Lanka,Kingsmead,2,0
Sri Lanka,Newlands,2,0
South Africa,Hagley Oval,1,0
United Arab Emirates,ICC Global Cricket Academy,2,0
Ireland,ICC Global Cricket Academy,2,2
United Arab Emirates,Sheikh Zayed Stadium,4,2
Papua New Guinea,Sheikh Zayed Stadium,2,1
Ireland,County Ground,1,0
Ireland,Lord's,1,0
Ireland,Malahide,3,0
New Zealand,Malahide,2,2
Bangladesh,Clontarf Cricket Club Ground,2,1
New Zealand,Clontarf Cricket Club Ground,2,1
Bangladesh,Malahide,1,1
Zimbabwe,"Grange Cricket Club Ground, Raeburn Place",2,1
Sri Lanka,Galle International Stadium,2,1
Zimbabwe,Galle International Stadium,2,1
Zimbabwe,"Mahinda Rajapaksa International Cricket Stadium, Sooriyawewa",3,2
India,"R.Premadasa Stadium, Khettarama",2,2
Australia,"MA Chidambaram Stadium, Chepauk",1,0
West Indies,Old Trafford,3,0
Australia,Eden Gardens,1,0
Australia,Holkar Cricket Stadium,1,0
Australia,M.Chinnaswamy Stadium,2,1
India,M.Chinnaswamy Stadium,2,1
Bangladesh,Diamond Oval,1,0
South Africa,Diamond Oval,2,2
Bangladesh,Boland Park,1,0
Bangladesh,Buffalo Park,1,0
New Zealand,Maharashtra Cricket Association Stadium,1,0
New Zealand,Green Park,1,0
Papua New Guinea,ICC Academy,1,0
Sri Lanka,Himachal Pradesh Cricket Association Stadium,1,1
Sri Lanka,Dr. Y.S. Rajasekhara Reddy ACA-VDCA Cricket Stadium,1,0
West Indies,Cobham Oval (New),1,0
Pakistan,Saxton Oval,1,0
Ireland,ICC Academy,4,4
Pakistan,University Oval,1,0
Zimbabwe,"Shere Bangla National Stadium, Mirpur",5,1
Bangladesh,"Shere Bangla National Stadium, Mirpur",26,15
Scotland,ICC Academy,6,2
Sri Lanka,"Shere Bangla National Stadium, Mirpur",7,4
England,Perth Stadium,1,1
Australia,Perth Stadium,4,1
India,The Wanderers Stadium,1,0
England,Bay Oval,1,1
United Arab Emirates,Harare Sports Club,5,2
Papua New Guinea,Harare Sports Club,2,0
Hong Kong,Bulawayo Athletic Club,1,0
Scotland,Bulawayo Athletic Club,3,3
West Indies,Old Hararians,2,2
United Arab Emirates,Old Hararians,2,0
England,University Oval,1,0
Papua New Guinea,Old Hararians,2,1
Hong Kong,Queens Sports Club,1,0
Ireland,Old Hararians,1,1
Scotland,Queens Sports Club,1,1
United Arab Emirates,Queens Sports Club,1,0
Hong Kong,Old Hararians,1,0
Scotland,Harare Sports Club,3,1
South Africa,"R.Premadasa Stadium, Khettarama",1,0
Nepal,Kinrara Academy Oval,1,0
Bangladesh,Dubai International Cricket Stadium,4,1
India,Dubai International Cricket Stadium,10,10
Bangladesh,Sheikh Zayed Stadium,1,1
Zimbabwe,Diamond Oval,1,0
Zimbabwe,Mangaung Oval,1,0
Zimbabwe,Boland Park,1,0
West Indies,Barsapara Cricket Stadium,1,0
India,Barsapara Cricket Stadium,1,1
England,"R.Premadasa Stadium, Khettarama",1,0
West Indies,Maharashtra Cricket Association Stadium,1,1
India,Brabourne Stadium,1,1
West Indies,Greenfield International Stadium,1,0
India,Greenfield International Stadium,1,1
South Africa,Perth Stadium,1,1
West Indies,"Shere Bangla National Stadium, Mirpur",4,1
Bangladesh,Sylhet International Cricket Stadium,6,6
West Indies,Sylhet International Cricket Stadium,1,0
Nepal,ICC Academy,3,2
India,Bay Oval,3,2
Pakistan,The Wanderers Stadium,2,1
West Indies,"Kensington Oval, Barbados",4,3
England,"Kensington Oval, Barbados",2,1
West Indies,"National Cricket Stadium, Grenada",2,1
England,"National Cricket Stadium, Grenada",1,1
West Indies,"Darren Sammy National Cricket Stadium, St Lucia",1,1
England,"Darren Sammy National Cricket Stadium, St Lucia",1,0
Sri Lanka,The Wanderers Stadium,1,0
Australia,JSCA International Stadium Complex,1,1
Australia,"Punjab Cricket Association IS Bindra Stadium, Mohali",1,1
Australia,Arun Jaitley Stadium,1,1
Papua New Guinea,Affies Park,1,1
United States of America,Affies Park,1,0
Namibia,Wanderers Cricket Ground,1,1
Oman,Wanderers Cricket Ground,1,0
Ireland,Castle Avenue,2,0
West Indies,Castle Avenue,2,1
Bangladesh,Castle Avenue,2,2
West Indies,"The Village, Malahide",3,1
Bangladesh,"The Village, Malahide",2,2
Pakistan,County Ground,1,0
Scotland,"Grange Cricket Club, Raeburn Place",1,0
Sri Lanka,"Grange Cricket Club, Raeburn Place",1,1
Australia,The Cooper Associates County Ground,1,1
Pakistan,The Cooper Associates County Ground,1,0
Pakistan,Old Trafford,1,0
Bangladesh,The Cooper Associates County Ground,1,1
West Indies,The Cooper Associates County Ground,1,0
Netherlands,Sportpark Het Schootsveld,2,2
Zimbabwe,Sportpark Het Schootsveld,2,0
New Zealand,Old Trafford,2,2
South Africa,Riverside Ground,1,1
West Indies,Riverside Ground,1,0
Ireland,"Bready Cricket Club, Magheramason",1,1
Zimbabwe,"Bready Cricket Club, Magheramason",1,0
Zimbabwe,"Civil Service Cricket Club, Stormont",2,0
Bangladesh,Lord's,1,0
South Africa,Old Trafford,1,1
Bangladesh,"R.Premadasa Stadium, Khettarama",3,0
West Indies,"Queen's Park Oval, Trinidad",2,0
India,"Queen's Park Oval, Trinidad",2,2
Oman,Mannofield Park,4,3
Papua New Guinea,Mannofield Park,4,0
United States of America,Central Broward Regional Park Stadium Turf Ground,3,3
Papua New Guinea,Central Broward Regional Park Stadium Turf Ground,4,0
Namibia,Central Broward Regional Park Stadium Turf Ground,3,2
United Arab Emirates,Sharjah Cricket Stadium,6,2
United States of America,Sharjah Cricket Stadium,2,2
Scotland,Sharjah Cricket Stadium,1,0
United States of America,ICC Academy,2,1
Oman,Al Amerat Cricket Ground Oman Cricket (Ministry Turf 1),16,10
United Arab Emirates,Al Amerat Cricket Ground Oman Cricket (Ministry Turf 1),9,5
Namibia,Al Amerat Cricket Ground Oman Cricket (Ministry Turf 1),7,2
Ireland,"Kensington Oval, Barbados",2,0
Ireland,"National Cricket Stadium, Grenada",1,0
Australia,Saurashtra Cricket Association Stadium,1,0
Nepal,Tribhuvan University International Cricket Ground,4,2
Oman,Tribhuvan University International Cricket Ground,4,4
United States of America,Tribhuvan University International Cricket Ground,4,0
West Indies,"Mahinda Rajapaksa International Cricket Stadium, Sooriyawewa",1,0
Australia,Boland Park,1,0
Zimbabwe,Sylhet International Cricket Stadium,3,0
Australia,Mangaung Oval,1,0
Australia,Senwes Park,1,0
Ireland,The Rose Bowl,3,1
Ireland,Sheikh Zayed Stadium,2,1
West Indies,Sir Vivian Richards Stadium,3,3
Sri Lanka,Sir Vivian Richards Stadium,3,0
Bangladesh,Basin Reserve,1,0
South Africa,"SuperSport Park, Centurion",5,1
Netherlands,"Hazelaarweg, Rotterdam",7,3
Scotland,"Hazelaarweg, Rotterdam",2,1
Bangladesh,Sher-e-Bangla National Cricket Stadium,1,1
Sri Lanka,Sher-e-Bangla National Cricket Stadium,1,0
Netherlands,"Sportpark Maarschalkerweerd, Utrecht",9,6
Ireland,"Sportpark Maarschalkerweerd, Utrecht",3,1
Sri Lanka,"Riverside Ground, Chester-le-Street",1,0
England,"Riverside Ground, Chester-le-Street",3,2
Sri Lanka,"Kennington Oval, London",1,0
Pakistan,"Sophia Gardens, Cardiff",1,0
England,"Sophia Gardens, Cardiff",4,3
Ireland,"The Village, Malahide, Dublin",5,1
South Africa,"The Village, Malahide, Dublin",2,1
Pakistan,"Edgbaston, Birmingham",1,0
England,"Edgbaston, Birmingham",3,2
Sri Lanka,"R Premadasa Stadium, Colombo",24,15
India,"R Premadasa Stadium, Colombo",9,5
Australia,"Kensington Oval, Bridgetown, Barbados",3,2
South Africa,"R Premadasa Stadium, Colombo",3,1
Papua New Guinea,Al Amerat Cricket Ground Oman Cricket (Ministry Turf 2),4,0
United States of America,Al Amerat Cricket Ground Oman Cricket (Ministry Turf 2),2,2
Papua New Guinea,Al Amerat Cricket Ground Oman Cricket (Ministry Turf 1),4,0
Nepal,Al Amerat Cricket Ground Oman Cricket (Ministry Turf 1),5,4
Zimbabwe,"Civil Service Cricket Club, Stormont, Belfast",2,1
Ireland,"Civil Service Cricket Club, Stormont, Belfast",2,1
United States of America,Al Amerat Cricket Ground Oman Cricket (Ministry Turf 1),6,3
Scotland,Al Amerat Cricket Ground Oman Cricket (Ministry Turf 2),2,2
Oman,Al Amerat Cricket Ground Oman Cricket (Ministry Turf 2),2,1
Scotland,Al Amerat Cricket Ground Oman Cricket (Ministry Turf 1),1,1
Namibia,"Wanderers Cricket Ground, Windhoek",12,8
Oman,"Wanderers Cricket Ground, Windhoek",1,0
Ireland,"Sabina Park, Kingston, Jamaica",3,2
South Africa,"Boland Park, Paarl",4,2
India,"Boland Park, Paarl",3,1
West Indies,"Narendra Modi Stadium, Ahmedabad",3,0
India,"Narendra Modi Stadium, Ahmedabad",6,5
Oman,"ICC Academy, Dubai",3,2
United Arab Emirates,"ICC Academy, Dubai",5,3
Namibia,"ICC Academy, Dubai",2,1
Namibia,Sharjah Cricket Stadium,2,0
Oman,Sharjah Cricket Stadium,1,1
Oman,Dubai International Cricket Stadium,5,2
Namibia,Dubai International Cricket Stadium,3,2
Papua New Guinea,Sharjah Cricket Stadium,2,0
Nepal,Sharjah Cricket Stadium,1,1
Bangladesh,"SuperSport Park, Centurion",2,2
Nepal,Dubai International Cricket Stadium,7,3
Papua New Guinea,Dubai International Cricket Stadium,9,3
Bangladesh,"The Wanderers Stadium, Johannesburg",1,0
South Africa,"The Wanderers Stadium, Johannesburg",5,3
Papua New Guinea,"Tribhuvan University International Cricket Ground, Kirtipur",6,3
Nepal,"Tribhuvan University International Cricket Ground, Kirtipur",30,22
Australia,"Gaddafi Stadium, Lahore",6,3
Netherlands,"Bay Oval, Mount Maunganui",1,0
New Zealand,"Bay Oval, Mount Maunganui",3,3
New Zealand,"Seddon Park, Hamilton",7,7
Netherlands,"Seddon Park, Hamilton",2,0
United States of America,"Choice Moosa Stadium, Pearland",2,1
Scotland,"Choice Moosa Stadium, Pearland",2,1
United Arab Emirates,"Moosa Cricket Stadium, Pearland",4,2
Scotland,"Moosa Cricket Stadium, Pearland",2,1
Netherlands,"VRA Ground, Amstelveen",8,2
West Indies,"VRA Ground, Amstelveen",3,3
United States of America,"Moosa Cricket Stadium, Pearland",5,3
Oman,"Moosa Cricket Stadium, Pearland",4,2
Nepal,"Moosa Cricket Stadium, Pearland",3,1
England,"VRA Ground, Amstelveen",3,3
Australia,"R Premadasa Stadium, Colombo",5,1
New Zealand,"The Village, Malahide, Dublin",3,3
West Indies,"Providence Stadium, Guyana",6,1
Bangladesh,"Providence Stadium, Guyana",3,3
Namibia,"Cambusdoon New Ground, Ayr",2,2
Nepal,"Cambusdoon New Ground, Ayr",2,0
India,"Kennington Oval, London",1,1
Scotland,"Titwood, Glasgow",3,2
Nepal,"Titwood, Glasgow",2,1
Namibia,"Titwood, Glasgow",1,0
India,"Old Trafford, Manchester",1,1
South Africa,"Riverside Ground, Chester-le-Street",1,1
India,"Queen's Park Oval, Port of Spain, Trinidad",3,3
West Indies,"Queen's Park Oval, Port of Spain, Trinidad",3,0
Scotland,"Grange Cricket Club Ground, Raeburn Place, Edinburgh",1,0
New Zealand,"Grange Cricket Club Ground, Raeburn Place, Edinburgh",1,1
Scotland,"Mannofield Park, Aberdeen",4,3
United Arab Emirates,"Mannofield Park, Aberdeen",3,0
United States of America,"Mannofield Park, Aberdeen",3,2
Pakistan,"Hazelaarweg, Rotterdam",3,3
New Zealand,"Kensington Oval, Bridgetown, Barbados",5,3
Zimbabwe,"Tony Ireland Stadium, Townsville",2,0
Australia,"Tony Ireland Stadium, Townsville",2,2
Australia,"Riverway Stadium, Townsville",1,0
Zimbabwe,"Riverway Stadium, Townsville",1,1
New Zealand,"Cazaly's Stadium, Cairns",3,0
Australia,"Cazaly's Stadium, Cairns",4,3
Papua New Guinea,"Amini Park, Port Moresby",3,1
United States of America,"Amini Park, Port Moresby",3,0
Namibia,"Amini Park, Port Moresby",4,4
South Africa,"Bharat Ratna Shri Atal Bihari Vajpayee Ekana Cricket Stadium, Lucknow",2,2
India,"Bharat Ratna Shri Atal Bihari Vajpayee Ekana Cricket Stadium, Lucknow",2,1
South Africa,"JSCA International Stadium Complex, Ranchi",2,0
India,"JSCA International Stadium Complex, Ranchi",2,2
South Africa,"Arun Jaitley Stadium, Delhi",2,1
India,"Arun Jaitley Stadium, Delhi",1,1
United Arab Emirates,"Tribhuvan University International Cricket Ground, Kirtipur",12,4
Papua New Guinea,"Wanderers Cricket Ground, Windhoek",6,0
United States of America,"Wanderers Cricket Ground, Windhoek",7,5
India,"Eden Park, Auckland",1,0
New Zealand,"Eden Park, Auckland",3,2
Namibia,"United Cricket Club Ground, Windhoek",7,2
Scotland,"United Cricket Club Ground, Windhoek",4,3
Nepal,"United Cricket Club Ground, Windhoek",3,0
India,"Shere Bangla National Stadium, Mirpur",2,0
India,"Zahur Ahmed Chowdhury Stadium, Chattogram",1,1
Bangladesh,"Zahur Ahmed Chowdhury Stadium, Chattogram",5,3
New Zealand,"National Stadium, Karachi",8,5
India,"Barsapara Cricket Stadium, Guwahati",1,1
Sri Lanka,"Barsapara Cricket Stadium, Guwahati",1,0
Sri Lanka,"Eden Gardens, Kolkata",1,0
India,"Eden Gardens, Kolkata",2,2
India,"Greenfield International Stadium, Thiruvananthapuram",1,1
Sri Lanka,"Greenfield International Stadium, Thiruvananthapuram",1,0
India,"Rajiv Gandhi International Stadium, Uppal, Hyderabad",1,1
New Zealand,"Rajiv Gandhi International Stadium, Uppal, Hyderabad",2,1
New Zealand,"Shaheed Veer Narayan Singh International Stadium, Raipur",1,0
India,"Shaheed Veer Narayan Singh International Stadium, Raipur",2,1
India,"Holkar Cricket Stadium, Indore",3,2
New Zealand,"Holkar Cricket Stadium, Indore",2,1
South Africa,"Mangaung Oval, Bloemfontein",4,2
England,"Mangaung Oval, Bloemfontein",2,0
England,"Diamond Oval, Kimberley",1,1
South Africa,"Diamond Oval, Kimberley",1,0
Namibia,"Tribhuvan University International Cricket Ground, Kirtipur",8,3
Scotland,"Tribhuvan University International Cricket Ground, Kirtipur",8,4
England,"Shere Bangla National Stadium, Mirpur",2,2
England,"Zahur Ahmed Chowdhury Stadium, Chattogram",1,0
West Indies,"Buffalo Park, East London",1,1
Ireland,Sylhet International Cricket Stadium,2,0
India,"Dr. Y.S. Rajasekhara Reddy ACA-VDCA Cricket Stadium, Visakhapatnam",2,1
Australia,"Dr. Y.S. Rajasekhara Reddy ACA-VDCA Cricket Stadium, Visakhapatnam",1,1
Netherlands,Harare Sports Club,6,2
West Indies,"Senwes Park, Potchefstroom",1,0
South Africa,"Senwes Park, Potchefstroom",1,1
Australia,"MA Chidambaram Stadium, Chepauk, Chennai",2,1
India,"MA Chidambaram Stadium, Chepauk, Chennai",2,1
Sri Lanka,"Eden Park, Auckland",2,1
United Arab Emirates,"Wanderers Cricket Ground, Windhoek",4,3
Canada,"Wanderers Cricket Ground, Windhoek",4,1
United Arab Emirates,"United Cricket Club Ground, Windhoek",5,2
United States of America,"United Cricket Club Ground, Windhoek",6,6
Jersey,"Wanderers Cricket Ground, Windhoek",2,0
Netherlands,"Willowmoore Park, Benoni",1,0
South Africa,"Willowmoore Park, Benoni",1,1
Sri Lanka,"Seddon Park, Hamilton",2,0
Jersey,"United Cricket Club Ground, Windhoek",2,1
Papua New Guinea,"United Cricket Club Ground, Windhoek",2,0
Netherlands,"The Wanderers Stadium, Johannesburg",1,0
Canada,"United Cricket Club Ground, Windhoek",1,1
Oman,"Tribhuvan University International Cricket Ground, Kirtipur",5,1
United Arab Emirates,Mulpani Cricket Ground,1,1
Oman,Mulpani Cricket Ground,1,0
Ireland,"County Ground, Chelmsford",2,0
Bangladesh,"County Ground, Chelmsford",2,2
Nepal,Harare Sports Club,2,0
West Indies,"Takashinga Sports Club, Highfield, Harare",1,1
United States of America,"Takashinga Sports Club, Highfield, Harare",5,0
Ireland,Bulawayo Athletic Club,2,1
Oman,Bulawayo Athletic Club,3,2
Sri Lanka,"Queens Sports Club, Bulawayo",6,6
United Arab Emirates,"Queens Sports Club, Bulawayo",1,0
Nepal,"Takashinga Sports Club, Highfield, Harare",4,2
Ireland,"Queens Sports Club, Bulawayo",2,0
Scotland,"Queens Sports Club, Bulawayo",4,2
United Arab Emirates,Bulawayo Athletic Club,3,0
Netherlands,"Takashinga Sports Club, Highfield, Harare",2,2
Oman,"Queens Sports Club, Bulawayo",2,0
United States of America,Harare Sports Club,1,0
Ireland,"Takashinga Sports Club, Highfield, Harare",2,2
United Arab Emirates,"Takashinga Sports Club, Highfield, Harare",2,1
Oman,Harare Sports Club,2,0
India,"Kensington Oval, Bridgetown, Barbados",2,1
India,"Brian Lara Stadium, Tarouba, Trinidad",1,1
West Indies,"Brian Lara Stadium, Tarouba, Trinidad",4,2
Nepal,Multan Cricket Stadium,1,0
Nepal,Pallekele International Cricket Stadium,1,0
Bangladesh,"Gaddafi Stadium, Lahore",1,0
Australia,"Mangaung Oval, Bloemfontein",2,2
New Zealand,"Sophia Gardens, Cardiff",1,1
Bangladesh,"R Premadasa Stadium, Colombo",4,2
Pakistan,"R Premadasa Stadium, Colombo",2,0
England,"The Rose Bowl, Southampton",2,2
New Zealand,"The Rose Bowl, Southampton",1,0
South Africa,"Sedgars Park, Potchefstroom",1,1
Australia,"Sedgars Park, Potchefstroom",1,0
New Zealand,"Kennington Oval, London",1,0
New Zealand,"Lord's, London",1,0
Australia,"The Wanderers Stadium, Johannesburg",1,0
Australia,"Punjab Cricket Association IS Bindra Stadium, Mohali, Chandigarh",1,0
India,"Punjab Cricket Association IS Bindra Stadium, Mohali, Chandigarh",1,1
New Zealand,"Shere Bangla National Stadium, Mirpur",4,3
Ireland,"Trent Bridge, Nottingham",1,0
Australia,"Holkar Cricket Stadium, Indore",1,0
Australia,"Saurashtra Cricket Association Stadium, Rajkot",1,1
India,"Saurashtra Cricket Association Stadium, Rajkot",1,0
England,"Narendra Modi Stadium, Ahmedabad",3,0
New Zealand,"Narendra Modi Stadium, Ahmedabad",1,1
Pakistan,"Rajiv Gandhi International Stadium, Uppal, Hyderabad",2,2
Netherlands,"Rajiv Gandhi International Stadium, Uppal, Hyderabad",2,0
Sri Lanka,"Arun Jaitley Stadium, Delhi",2,0
England,"Himachal Pradesh Cricket Association Stadium, Dharamsala",1,1
Bangladesh,"Himachal Pradesh Cricket Association Stadium, Dharamsala",1,0
Sri Lanka,"Rajiv Gandhi International Stadium, Uppal, Hyderabad",1,0
Australia,"Bharat Ratna Shri Atal Bihari Vajpayee Ekana Cricket Stadium, Lucknow",2,1
Bangladesh,"MA Chidambaram Stadium, Chepauk, Chennai",1,0
New Zealand,"MA Chidambaram Stadium, Chepauk, Chennai",1,1
Pakistan,"Narendra Modi Stadium, Ahmedabad",1,0
Sri Lanka,"Bharat Ratna Shri Atal Bihari Vajpayee Ekana Cricket Stadium, Lucknow",2,1
Netherlands,"Himachal Pradesh Cricket Association Stadium, Dharamsala",1,1
South Africa,"Himachal Pradesh Cricket Association Stadium, Dharamsala",1,0
Bangladesh,"Maharashtra Cricket Association Stadium, Pune",2,0
India,"Maharashtra Cricket Association Stadium, Pune",1,1
Australia,"M Chinnaswamy Stadium, Bengaluru",1,1
Pakistan,"M Chinnaswamy Stadium, Bengaluru",2,1
Netherlands,"Bharat Ratna Shri Atal Bihari Vajpayee Ekana Cricket Stadium, Lucknow",1,0
South Africa,"Wankhede Stadium, Mumbai",2,2
England,"Wankhede Stadium, Mumbai",1,0
New Zealand,"Himachal Pradesh Cricket Association Stadium, Dharamsala",2,0
India,"Himachal Pradesh Cricket Association Stadium, Dharamsala",1,1
Bangladesh,"Wankhede Stadium, Mumbai",1,0
Australia,"Arun Jaitley Stadium, Delhi",1,1
Netherlands,"Arun Jaitley Stadium, Delhi",1,0
England,"M Chinnaswamy Stadium, Bengaluru",1,0
Sri Lanka,"M Chinnaswamy Stadium, Bengaluru",2,1
Pakistan,"MA Chidambaram Stadium, Chepauk, Chennai",1,0
South Africa,"MA Chidambaram Stadium, Chepauk, Chennai",1,1
Australia,"Himachal Pradesh Cricket Association Stadium, Dharamsala",1,1
Netherlands,"Eden Gardens, Kolkata",1,1
Bangladesh,"Eden Gardens, Kolkata",2,0
England,"Bharat Ratna Shri Atal Bihari Vajpayee Ekana Cricket Stadium, Lucknow",1,0
Pakistan,"Eden Gardens, Kolkata",2,1
South Africa,"Maharashtra Cricket Association Stadium, Pune",1,1
New Zealand,"Maharashtra Cricket Association Stadium, Pune",1,0
Sri Lanka,"Wankhede Stadium, Mumbai",1,0
Australia,"Narendra Modi Stadium, Ahmedabad",2,2
New Zealand,"M Chinnaswamy Stadium, Bengaluru",2,1
South Africa,"Eden Gardens, Kolkata",2,0
Bangladesh,"Arun Jaitley Stadium, Delhi",1,1
England,"Maharashtra Cricket Association Stadium, Pune",1,1
Netherlands,"Maharashtra Cricket Association Stadium, Pune",1,0
Australia,"Maharashtra Cricket Association Stadium, Pune",1,1
England,"Eden Gardens, Kolkata",1,1
India,"M Chinnaswamy Stadium, Bengaluru",1,1
Netherlands,"M Chinnaswamy Stadium, Bengaluru",1,0
New Zealand,"Wankhede Stadium, Mumbai",1,0
Australia,"Eden Gardens, Kolkata",1,1
England,"Sir Vivian Richards Stadium, North Sound, Antigua",4,2
West Indies,"Sir Vivian Richards Stadium, North Sound, Antigua",4,2
England,"Kensington Oval, Bridgetown, Barbados",2,0
New Zealand,"University Oval, Dunedin",1,1
Bangladesh,"University Oval, Dunedin",1,0
India,"The Wanderers Stadium, Johannesburg",1,1
India,"St George's Park, Gqeberha",1,0
South Africa,"St George's Park, Gqeberha",1,1
Bangladesh,"Saxton Oval, Nelson",1,0
New Zealand,"Saxton Oval, Nelson",1,1
Bangladesh,"McLean Park, Napier",1,1
Zimbabwe,"R Premadasa Stadium, Colombo",2,0
West Indies,"Manuka Oval, Canberra",1,0
Australia,"Manuka Oval, Canberra",1,1
Canada,"Tribhuvan University International Cricket Ground, Kirtipur",3,0
Netherlands,"Tribhuvan University International Cricket Ground, Kirtipur",4,2
Canada,Dubai International Cricket Stadium,4,4
Sri Lanka,"Zahur Ahmed Chowdhury Stadium, Chattogram",3,1
Oman,"Forthill, Dundee",3,1
Namibia,"Forthill, Dundee",4,1
Scotland,"Forthill, Dundee",10,8
Canada,"Sportpark Westvliet, The Hague",2,0
Netherlands,"Sportpark Westvliet, The Hague",2,2
United States of America,"Sportpark Westvliet, The Hague",2,1
Canada,"Hazelaarweg, Rotterdam",2,0
United States of America,"Hazelaarweg, Rotterdam",2,1
Canada,"Maple Leaf North-West Ground, King City",10,5
Nepal,"Maple Leaf North-West Ground, King City",3,0
Oman,"Maple Leaf North-West Ground, King City",3,1
Australia,"Trent Bridge, Nottingham",1,1
Australia,"Headingley, Leeds",1,1
England,"Headingley, Leeds",2,0
Australia,"Riverside Ground, Chester-le-Street",1,0
Australia,"Lord's, London",1,0
England,"County Ground, Bristol",1,0
Australia,"County Ground, Bristol",1,1
South Africa,"Zayed Cricket Stadium, Abu Dhabi",3,2
Ireland,"Zayed Cricket Stadium, Abu Dhabi",3,1
United States of America,"Grand Prairie Stadium, Dallas",3,1
Scotland,"Grand Prairie Stadium, Dallas",3,2
Nepal,"Grand Prairie Stadium, Dallas",2,1
Netherlands,Al Amerat Cricket Ground Oman Cricket (Ministry Turf 1),4,1
Pakistan,Perth Stadium,1,1
Pakistan,"Queens Sports Club, Bulawayo",3,2
Bangladesh,"Warner Park, Basseterre, St Kitts",3,0
West Indies,"Warner Park, Basseterre, St Kitts",3,3
Pakistan,"Boland Park, Paarl",1,1
Pakistan,"The Wanderers Stadium, Johannesburg",1,1
Sri Lanka,"Basin Reserve, Wellington",1,0
New Zealand,"Basin Reserve, Wellington",1,1
England,"Vidarbha Cricket Association Stadium, Jamtha, Nagpur",1,0
India,"Vidarbha Cricket Association Stadium, Jamtha, Nagpur",1,1
England,"Barabati Stadium, Cuttack",1,0
South Africa,"National Stadium, Karachi",2,1
England,"Gaddafi Stadium, Lahore",1,0
England,"National Stadium, Karachi",1,0
Netherlands,"Wanderers Cricket Ground, Windhoek",2,2
Pakistan,"McLean Park, Napier",1,0
Pakistan,"Seddon Park, Hamilton",1,0
Pakistan,"Bay Oval, Mount Maunganui",1,0
United Arab Emirates,"VRA Ground, Amstelveen",3,1
Scotland,"VRA Ground, Amstelveen",3,1
United Arab Emirates,"Sportpark Maarschalkerweerd, Utrecht",2,0
Scotland,"Sportpark Maarschalkerweerd, Utrecht",2,2
United States of America,"Central Broward Regional Park Stadium Turf Ground, Lauderhill",3,3
Canada,"Central Broward Regional Park Stadium Turf Ground, Lauderhill",4,0
Oman,"Central Broward Regional Park Stadium Turf Ground, Lauderhill",3,2
Ireland,"Castle Avenue, Dublin",2,1
West Indies,"Castle Avenue, Dublin",2,1
West Indies,"Edgbaston, Birmingham",1,0
West Indies,"Sophia Gardens, Cardiff",1,0
Nepal,"Forthill, Dundee",4,3
West Indies,"Kennington Oval, London",1,0
Netherlands,"Forthill, Dundee",4,1
Pakistan,"Brian Lara Stadium, Tarouba, Trinidad",3,1
South Africa,"Cazaly's Stadium, Cairns",1,1
South Africa,"Great Barrier Reef Arena, Mackay",2,1
Australia,"Great Barrier Reef Arena, Mackay",2,1
Namibia,"Maple Leaf North-West Ground, King City",3,2
Scotland,"Maple Leaf North-West Ground, King City",2,2
South Africa,"Headingley, Leeds",1,1
India,Perth Stadium,1,0
England,"Bay Oval, Mount Maunganui",1,0
United States of America,Dubai International Cricket Stadium,3,3
England,"Seddon Park, Hamilton",1,0
Nepal,"ICC Academy, Dubai",3,0
England,"Sky Stadium, Wellington",1,0
New Zealand,"Sky Stadium, Wellington",1,1
United States of America,"ICC Academy, Dubai",1,1
New Zealand,"Hagley Oval, Christchurch",1,1
West Indies,"Hagley Oval, Christchurch",1,0
West Indies,"McLean Park, Napier",1,0
West Indies,"Seddon Park, Hamilton",1,0
South Africa,"Shaheed Veer Narayan Singh International Stadium, Raipur",1,1
South Africa,"Dr. Y.S. Rajasekhara Reddy ACA-VDCA Cricket Stadium, Visakhapatnam",1,0
New Zealand,"Kotambi Stadium, Vadodara",1,0
India,"Kotambi Stadium, Vadodara",1,1
India,"Niranjan Shah Stadium, Rajkot",1,0
New Zealand,"Niranjan Shah Stadium, Rajkot",1,1
England,"R Premadasa Stadium, Colombo",3,2
Pakistan,"Shere Bangla National Stadium, Mirpur",3,1
Namibia,"Namibia Cricket Ground, Windhoek",4,1
Oman,"Namibia Cricket Ground, Windhoek",3,2
Scotland,"Namibia Cricket Ground, Windhoek",2,1
Bangladesh,"Bir Sreshtho Flight Lieutenant Matiur Rahman Stadium, Chattogram",1,1
New Zealand,"Bir Sreshtho Flight Lieutenant Matiur Rahman Stadium, Chattogram",1,0
United States of America,"Tribhuvan University International Cricket Ground, Kirtipur",4,1
Australia,Rawalpindi Cricket Stadium,1,0
Sri Lanka,"Sabina Park, Kingston, Jamaica",1,1
United States of America,"Maple Leaf North-West Ground, King City",3,2
Netherlands,"Maple Leaf North-West Ground, King City",2,1
Australia,"Shere Bangla National Stadium, Mirpur",3,1
New Zealand,"Providence Stadium, Guyana",3,2
India,"Edgbaston, Birmingham",1,1
India,"Sophia Gardens, Cardiff",1,0
Nepal,"Sportpark Maarschalkerweerd, Utrecht",4,0
Namibia,"Sportpark Maarschalkerweerd, Utrecht",4,3
Canada,"Forthill, Dundee",3,0
United Arab Emirates,"Forthill, Dundee",2,1
United Arab Emirates,"YSD-UKM Cricket Oval, Bangi",1,1
Oman,"YSD-UKM Cricket Oval, Bangi",1,0
South Africa,"Namibia Cricket Ground, Windhoek",1,1
